id;name;description;created_at
1;rotten triumphantly energetic;../fake-data/blob/hipster.txt;2026-05-06T15:44:57
2;hence sell roughly;../fake-data/blob/hipster.txt;2026-05-06T06:39:38
3;which exactly deny;../fake-data/blob/hipster.txt;2026-05-05T20:35:52
4;low;../fake-data/blob/hipster.txt;2026-05-06T14:21:34
5;encode unfinished;../fake-data/blob/hipster.txt;2026-05-06T19:07:44
6;psst notwithstanding;../fake-data/blob/hipster.txt;2026-05-05T20:20:24
7;wherever;../fake-data/blob/hipster.txt;2026-05-06T01:44:28
8;ack as kielbasa;../fake-data/blob/hipster.txt;2026-05-06T00:13:13
9;hot cheerfully;../fake-data/blob/hipster.txt;2026-05-06T00:10:14
10;after;../fake-data/blob/hipster.txt;2026-05-06T15:11:48
